url,reason
https://github.com/Manirevuri/arangodb-hackathon,Failed to generate meaningful category or keyword
https://2024.connected-data.london/speakers/urbashi-mitra/,Failed to generate meaningful category or keyword
https://medium.com/enterprise-rag/why-lawyers-are-uniquely-suited-to-work-with-llms-bcc66d3dce98,Failed to generate meaningful category or keyword
https://www.buzzsprout.com/242645/episodes/16799543,Failed to generate meaningful category or keyword
https://bods-data.openownership.org/source/gleif_version_0_4/,Failed to generate meaningful category or keyword
https://mweiti.gov.mw/index.php/reports/details/761,Failed to generate meaningful category or keyword
https://globalenergymonitor.org/projects/global-energy-ownership-tracker/,Failed to generate meaningful category or keyword
https://oecdstatistics.blog/2025/02/21/monitoring-multinational-enterprises-how-the-oecd-and-unsd-are-harnessing-open-data/,Failed to generate meaningful category or keyword
https://www.taxobservatory.eu/publication/the-end-of-londongrad-ownership-transparency-and-offshore-investment-in-real-estate/,Failed to generate meaningful category or keyword
https://github.com/kyribaker/7bus_LMPs,Failed to generate meaningful category or keyword
